{
  "version": "1.4",
  "lastModified": "Thu May 27 15:50:01 EDT 2021",
  "services": [
    {
      "name": "monitor",
      "address": "\/web\/pdo\/monitor",
      "useRequest": false,
      "resources": [
        {
          "name": "intake",
          "path": "\/intake",
          "autoSave": true,
          "operations": [
            {
              "name": "liveProfile",
              "path": "\/liveProfile",
              "useBeforeImage": false,
              "type": "invoke",
              "verb": "put",
              "params": [
                {
                  "name": "AppName",
                  "type": "REQUEST_BODY"
                },
                {
                  "name": "Instance",
                  "type": "REQUEST_BODY"
                },
                {
                  "name": "success",
                  "type": "RESPONSE_BODY"
                },
                {
                  "name": "processed",
                  "type": "RESPONSE_BODY"
                }
              ]
            },
            {
              "name": "liveMetrics",
              "path": "\/liveMetrics",
              "useBeforeImage": false,
              "type": "invoke",
              "verb": "put",
              "params": [
                {
                  "name": "AppName",
                  "type": "REQUEST_BODY"
                },
                {
                  "name": "Instance",
                  "type": "REQUEST_BODY"
                },
                {
                  "name": "SampleName",
                  "type": "REQUEST_BODY"
                },
                {
                  "name": "Data",
                  "type": "REQUEST_BODY"
                },
                {
                  "name": "success",
                  "type": "RESPONSE_BODY"
                },
                {
                  "name": "processed",
                  "type": "RESPONSE_BODY"
                }
              ]
            },
            {
              "name": "cleanOrphans",
              "path": "\/cleanOrphans",
              "useBeforeImage": false,
              "type": "invoke",
              "verb": "put",
              "params": [
                {
                  "name": "applicationName",
                  "type": "REQUEST_BODY"
                },
                {
                  "name": "serverName",
                  "type": "REQUEST_BODY"
                },
                {
                  "name": "success",
                  "type": "RESPONSE_BODY"
                },
                {
                  "name": "processed",
                  "type": "RESPONSE_BODY"
                }
              ]
            },
            {
              "name": "accessLogs",
              "path": "\/accessLogs",
              "useBeforeImage": false,
              "type": "invoke",
              "verb": "put",
              "params": [
                {
                  "name": "applicationName",
                  "type": "REQUEST_BODY"
                },
                {
                  "name": "serverName",
                  "type": "REQUEST_BODY"
                },
                {
                  "name": "success",
                  "type": "RESPONSE_BODY"
                },
                {
                  "name": "processed",
                  "type": "RESPONSE_BODY"
                }
              ]
            },
            {
              "name": "liveHealth",
              "path": "\/liveHealth",
              "useBeforeImage": false,
              "type": "invoke",
              "verb": "put",
              "params": [
                {
                  "name": "AppName",
                  "type": "REQUEST_BODY"
                },
                {
                  "name": "Instance",
                  "type": "REQUEST_BODY"
                },
                {
                  "name": "HealthCheck",
                  "type": "REQUEST_BODY"
                },
                {
                  "name": "success",
                  "type": "RESPONSE_BODY"
                },
                {
                  "name": "processed",
                  "type": "RESPONSE_BODY"
                }
              ]
            },
            {
              "name": "ablMetrics",
              "path": "\/ablMetrics",
              "useBeforeImage": false,
              "type": "invoke",
              "verb": "put",
              "params": [
                {
                  "name": "applicationName",
                  "type": "REQUEST_BODY"
                },
                {
                  "name": "serverName",
                  "type": "REQUEST_BODY"
                },
                {
                  "name": "processObjects",
                  "type": "REQUEST_BODY"
                },
                {
                  "name": "processProfiles",
                  "type": "REQUEST_BODY"
                },
                {
                  "name": "processRequests",
                  "type": "REQUEST_BODY"
                },
                {
                  "name": "processSessions",
                  "type": "REQUEST_BODY"
                },
                {
                  "name": "success",
                  "type": "RESPONSE_BODY"
                },
                {
                  "name": "processed",
                  "type": "RESPONSE_BODY"
                }
              ]
            },
            {
              "name": "fixData",
              "path": "\/fixData",
              "useBeforeImage": false,
              "type": "invoke",
              "verb": "put",
              "params": [
                {
                  "name": "applicationName",
                  "type": "REQUEST_BODY"
                },
                {
                  "name": "success",
                  "type": "RESPONSE_BODY"
                },
                {
                  "name": "processed",
                  "type": "RESPONSE_BODY"
                }
              ]
            },
            {
              "name": "applications",
              "path": "\/applications",
              "useBeforeImage": false,
              "type": "invoke",
              "verb": "put",
              "params": [
                {
                  "name": "applicationNames",
                  "type": "RESPONSE_BODY"
                }
              ]
            },
            {
              "name": "purgeMetrics",
              "path": "\/purgeMetrics",
              "useBeforeImage": false,
              "type": "invoke",
              "verb": "put",
              "params": [
                {
                  "name": "applicationName",
                  "type": "REQUEST_BODY"
                },
                {
                  "name": "serverName",
                  "type": "REQUEST_BODY"
                },
                {
                  "name": "purgeDate",
                  "type": "REQUEST_BODY"
                },
                {
                  "name": "success",
                  "type": "RESPONSE_BODY"
                },
                {
                  "name": "processed",
                  "type": "RESPONSE_BODY"
                }
              ]
            },
            {
              "name": "purgeHealth",
              "path": "\/purgeHealth",
              "useBeforeImage": false,
              "type": "invoke",
              "verb": "put",
              "params": [
                {
                  "name": "applicationName",
                  "type": "REQUEST_BODY"
                },
                {
                  "name": "serverName",
                  "type": "REQUEST_BODY"
                },
                {
                  "name": "purgeDate",
                  "type": "REQUEST_BODY"
                },
                {
                  "name": "success",
                  "type": "RESPONSE_BODY"
                },
                {
                  "name": "processed",
                  "type": "RESPONSE_BODY"
                }
              ]
            },
            {
              "name": "liveLogs",
              "path": "\/liveLogs",
              "useBeforeImage": false,
              "type": "invoke",
              "verb": "put",
              "params": [
                {
                  "name": "AppName",
                  "type": "REQUEST_BODY"
                },
                {
                  "name": "Instance",
                  "type": "REQUEST_BODY"
                },
                {
                  "name": "success",
                  "type": "RESPONSE_BODY"
                },
                {
                  "name": "processed",
                  "type": "RESPONSE_BODY"
                }
              ]
            }
          ]
        },
        {
          "name": "report",
          "path": "\/report",
          "autoSave": true,
          "operations": [
            {
              "name": "callTree",
              "path": "\/callTree",
              "useBeforeImage": false,
              "type": "invoke",
              "verb": "put",
              "params": [
                {
                  "name": "requestUUID",
                  "type": "REQUEST_BODY"
                },
                {
                  "name": "callTreeData",
                  "type": "RESPONSE_BODY"
                }
              ]
            },
            {
              "name": "logs",
              "path": "\/logs",
              "useBeforeImage": false,
              "type": "invoke",
              "verb": "put",
              "params": [
                {
                  "name": "serverUUID",
                  "type": "REQUEST_BODY"
                },
                {
                  "name": "agentPID",
                  "type": "REQUEST_BODY"
                },
                {
                  "name": "dateRange",
                  "type": "REQUEST_BODY"
                },
                {
                  "name": "logData",
                  "type": "RESPONSE_BODY"
                }
              ]
            },
            {
              "name": "servers",
              "path": "\/servers",
              "useBeforeImage": false,
              "type": "invoke",
              "verb": "put",
              "params": [
                {
                  "name": "appServer",
                  "type": "RESPONSE_BODY"
                }
              ]
            },
            {
              "name": "objects",
              "path": "\/objects",
              "useBeforeImage": false,
              "type": "invoke",
              "verb": "put",
              "params": [
                {
                  "name": "objectCount",
                  "type": "REQUEST_BODY"
                },
                {
                  "name": "sampleUUID",
                  "type": "REQUEST_BODY"
                },
                {
                  "name": "sampleGroup",
                  "type": "REQUEST_BODY"
                },
                {
                  "name": "sampleDate",
                  "type": "REQUEST_BODY"
                },
                {
                  "name": "sampleObject",
                  "type": "RESPONSE_BODY"
                }
              ]
            },
            {
              "name": "health",
              "path": "\/health",
              "useBeforeImage": false,
              "type": "invoke",
              "verb": "put",
              "params": [
                {
                  "name": "serverUUID",
                  "type": "REQUEST_BODY"
                },
                {
                  "name": "trendPeriod",
                  "type": "REQUEST_BODY"
                },
                {
                  "name": "healthTrend",
                  "type": "RESPONSE_BODY"
                }
              ]
            },
            {
              "name": "metrics",
              "path": "\/metrics",
              "useBeforeImage": false,
              "type": "invoke",
              "verb": "put",
              "params": [
                {
                  "name": "serverUUID",
                  "type": "REQUEST_BODY"
                },
                {
                  "name": "agentPID",
                  "type": "REQUEST_BODY"
                },
                {
                  "name": "sessionID",
                  "type": "REQUEST_BODY"
                },
                {
                  "name": "sampleGroup",
                  "type": "REQUEST_BODY"
                },
                {
                  "name": "agentMetrics",
                  "type": "RESPONSE_BODY"
                }
              ]
            },
            {
              "name": "profilerData",
              "path": "\/profilerData",
              "useBeforeImage": false,
              "type": "invoke",
              "verb": "put",
              "params": [
                {
                  "name": "profilerRowID",
                  "type": "REQUEST_BODY"
                },
                {
                  "name": "profilerOut",
                  "type": "RESPONSE_BODY"
                }
              ]
            },
            {
              "name": "requests",
              "path": "\/requests",
              "useBeforeImage": false,
              "type": "invoke",
              "verb": "put",
              "params": [
                {
                  "name": "sessionUUID",
                  "type": "REQUEST_BODY"
                },
                {
                  "name": "sampleGroup",
                  "type": "REQUEST_BODY"
                },
                {
                  "name": "ablRequestStack",
                  "type": "RESPONSE_BODY"
                }
              ]
            },
            {
              "name": "sessions",
              "path": "\/sessions",
              "useBeforeImage": false,
              "type": "invoke",
              "verb": "put",
              "params": [
                {
                  "name": "serverUUID",
                  "type": "REQUEST_BODY"
                },
                {
                  "name": "sampleGroup",
                  "type": "REQUEST_BODY"
                },
                {
                  "name": "agentSession",
                  "type": "RESPONSE_BODY"
                }
              ]
            },
            {
              "name": "profilerList",
              "path": "\/profilerList",
              "useBeforeImage": false,
              "type": "invoke",
              "verb": "put",
              "params": [
                {
                  "name": "sessionUUID",
                  "type": "REQUEST_BODY"
                },
                {
                  "name": "requestDate",
                  "type": "REQUEST_BODY"
                },
                {
                  "name": "profilerList",
                  "type": "RESPONSE_BODY"
                }
              ]
            },
            {
              "name": "access",
              "path": "\/access",
              "useBeforeImage": false,
              "type": "invoke",
              "verb": "put",
              "params": [
                {
                  "name": "serverUUID",
                  "type": "REQUEST_BODY"
                },
                {
                  "name": "sessionUUID",
                  "type": "REQUEST_BODY"
                },
                {
                  "name": "accessHistory",
                  "type": "RESPONSE_BODY"
                }
              ]
            }
          ]
        }
      ]
    }
  ]
}
